{"cameraMode":{"drawMode":0,"name":"Shaded","section":"Shading Mode"},"sceneLighting":true,"audioPlay":false,"sceneViewState":{"showFog":true,"showMaterialUpdate":false,"showSkybox":true,"showFlares":true,"showImageEffects":true,"showParticleSystems":true},"in2DMode":false,"pivot":{"x":0.23817205429077149,"y":0.8559733033180237,"z":90.13286590576172},"rotation":{"x":0.011999486945569516,"y":0.005999529734253883,"z":-0.00007199779065558687,"w":0.9999100565910339},"size":9.246199607849121,"orthographic":false}